dataset,channel,size,labels_original,language,license,license_status,provenance,data_type,label_mapping_rule,usable_for_training,overlap_check,main_use,notes,source_url
UCI SMS Spam Collection,SMS,5574,"ham, spam",English,CC BY 4.0,VERIFIED,"UCI ML Repository (Almeida et al., 2011)",real,"ham -> Genuine candidate; spam -> REVIEW",yes,uci_mishra_overlap.csv,"Genuine SMS training, baseline language distribution",Not pure phishing; promotional spam excluded from High-risk,https://archive.ics.uci.edu/dataset/228/
Mishra & Soni SMS Phishing,SMS,5971,"ham, spam, smishing",English,CC BY 4.0,VERIFIED,"Mendeley Data (Mishra & Soni, 2022)",real + curated,"ham -> Genuine candidate; smishing -> High-risk candidate; spam -> REVIEW",yes,Deduplicated against UCI to remove redundant ham,"Verified smishing (High-risk) SMS training + genuine ham",Key benchmark for SMS phishing detection,https://data.mendeley.com/datasets/f45bkkt8pr
Smishtank Phishing SMS,SMS,1250,smishing,English / multilingual,Pending,PENDING_VERIFICATION,Academic smishing tracker preprint,real,smishing -> High-risk candidate,no,Pending verification,Phishing candidate examples after verification,Phishing-only dataset without genuine negative class,https://arxiv.org/pdf/2402.18430
Indian Scam SMS Synthetic Audited,SMS,1040,"scam, ham","English, Hinglish",Apache 2.0,VERIFIED,Hugging Face (Ridham115),synthetic,"scam -> High-risk candidate; ham -> Genuine candidate",yes,Checked against custom templates,"Indian-language/code-mixed training, Hinglish patterns",Synthetic source recorded; NOT used as primary held-out test set,https://huggingface.co/datasets/Ridham115/indian-scam-sms-synthetic-audited
Indian Multilingual Scam/Ham 14 Languages,SMS / Text,3520,"scam, ham",14 Indian languages / Hinglish,MIT / Creative Commons,PENDING_VERIFICATION,Hugging Face (anmolshrivastav),mixed,"scam -> High-risk candidate; ham -> Genuine candidate",no,Pending full audit,Indian-language and multilingual evaluation,Under provenance and translation quality review,https://huggingface.co/datasets/anmolshrivastav/scam_ham_india_14_languages
Indian Cyber Scam PhoneCall Hinglish Dataset,Multi-channel,850,"fraud, normal",Hinglish,CC BY-NC 4.0,PENDING_VERIFICATION,Hugging Face,mixed,Exclude call transcripts; SMS only if verified,no,Pending verification,Excluded from primary text model,Call transcripts violate project boundaries; excluded,https://huggingface.co/datasets/DatasetNewUser/Indian_Cyber_Scam_PhoneCall_Hinglish_Dataset
Multilingual Phishing Detection (Gupta7050),SMS / Email,420,"phishing, legitimate","Hinglish, Hindi",Unspecified,PENDING_VERIFICATION,GitHub repository,synthetic/scraped,"phishing -> High-risk candidate; legitimate -> Genuine",no,Pending license check,Qualitative Hinglish reference only,Unspecified open-source license; held out,https://github.com/gupta7050/multilingual-phishing-detection
ScamShield Dataset,SMS,1980,"scam, legitimate","English, Singlish/Hinglish",Research only,PENDING_VERIFICATION,Related-work comparative dataset,real + synthetic,"scam -> High-risk candidate; legitimate -> Genuine candidate",no,Cross-checked against SMS pool,Related-work comparison baseline,Synthetic rows excluded from primary held-out evaluation,https://huggingface.co/datasets/sidzzz07/scamshield-dataset
Phishing Email Dataset (Baselight / Kaggle),Email,18650,"1 (phishing), 0 (safe)",English,ODbL / Research,VERIFIED,"Aggregated from Nazario, SpamAssassin, Enron",real,"1 -> High-risk candidate; 0 -> Genuine candidate",yes,source_corpus tracking implemented,"Primary email phishing and legitimate training","Includes sub-source tags (Nazario, Enron, LingSpam)",https://baselight.app/u/kaggle/dataset/naserabdullahalam_phishing_email_dataset
Enron Email Corpus (Curated Subsample),Email,3200,legitimate,English,Public Domain,VERIFIED,"CMU / FERC Public Records",real,all -> Genuine candidate,yes,Tracked under source=enron,"Genuine email background, non-phishing corporate messages",Baseline for workplace communication style without phishing cues,https://www.cs.cmu.edu/~enron/
Mendeley Phishing URL Dataset,URL,73575,"bad (phishing), good (benign)",N/A,CC BY 4.0,VERIFIED,Mendeley Data,real URLs,"bad -> suspicious/phishing URL; good -> benign URL",yes,Separate evaluation set,"URL analysis module evaluation and heuristic calibration",Evaluated strictly separately from text model per Section 18,https://data.mendeley.com/datasets/vfszbj9b36
OpenPhish Academic Feed,URL,Dynamic,active phishing,N/A,Academic license,OPTIONAL,OpenPhish Threat Feed,live telemetry,active phishing -> flagged,no,External validation only,Optional live URL reputation if credentials supplied,System remains deterministic without external API dependency,https://openphish.com
